City,Cloudiness,Country,Date,Humidity,Lat,Lng,Max Temp,Wind Speed
cape town,96,ZA,1578378477,64,-33.93,18.42,70.0,5.82
carnarvon,82,ZA,1578378495,52,-30.97,22.13,70.68,15.59
mahebourg,40,MU,1578378220,79,-20.41,57.7,86.0,6.93
puerto ayora,25,EC,1578378496,82,-0.74,-90.35,75.99,1.99
codrington,17,AU,1578378496,42,-28.95,153.24,89.6,16.11
tasiilaq,100,GL,1578378496,95,65.61,-37.64,21.24,21.72
butaritari,100,KI,1578378496,76,3.07,172.79,85.3,16.24
brae,20,GB,1578378497,81,60.4,-1.35,46.4,24.16
hermanus,97,ZA,1578378497,77,-34.42,19.24,69.01,11.99
tiksi,100,RU,1578378498,86,71.64,128.87,-3.32,11.88
vaini,40,IN,1578378498,65,15.34,74.49,80.6,9.17
mataura,84,NZ,1578378498,78,-46.19,168.86,54.0,13.0
pustoshka,100,RU,1578378498,98,56.34,29.37,32.67,6.15
hithadhoo,100,MV,1578378498,78,-0.6,73.08,83.7,15.21
agadez,0,NE,1578378498,40,16.97,7.99,57.2,2.24
surt,35,LY,1578378415,59,31.21,16.59,49.46,11.36
hofn,100,IS,1578378499,96,64.25,-15.21,39.36,27.09
busselton,0,AU,1578378499,15,-33.64,115.35,93.99,15.03
red bluff,1,US,1578378288,93,40.18,-122.24,41.0,4.7
chuy,21,UY,1578378500,86,-33.69,-53.46,64.74,5.75
luderitz,58,NA,1578378500,77,-26.65,15.16,64.4,13.87
ixtapa,90,MX,1578378500,83,20.71,-105.21,84.2,4.12
bredasdorp,75,ZA,1578378500,64,-34.53,20.04,71.6,11.41
omsukchan,75,RU,1578378500,67,62.53,155.8,-9.31,2.84
kohtla-nomme,100,EE,1578378501,93,59.35,27.18,38.84,15.5
bluff,100,AU,1578378498,37,-23.58,149.07,89.31,12.19
monforte de lemos,100,ES,1578378501,81,42.52,-7.51,34.0,1.34
qaanaaq,33,GL,1578378501,83,77.48,-69.36,-21.57,5.77
ambanja,40,MG,1578378501,84,-13.68,48.45,86.0,2.24
along,73,IN,1578378501,42,28.17,94.8,66.97,1.23
severo-kurilsk,100,RU,1578378502,78,50.68,156.12,22.03,14.85
punta arenas,90,CL,1578378502,81,-53.16,-70.91,51.8,8.05
ushuaia,75,AR,1578378459,58,-54.81,-68.31,57.2,16.11
kaili,97,ID,1578378502,87,-3.46,120.21,70.32,4.63
jamestown,0,AU,1578378502,27,-33.21,138.6,86.9,1.88
juan lacaze,2,UY,1578378503,70,-34.43,-57.44,62.01,9.62
saskylakh,72,RU,1578378503,94,71.97,114.09,0.54,9.24
portland,1,US,1578378503,79,43.66,-70.25,27.0,4.7
mar del plata,85,AR,1578378503,45,-46.43,-67.52,66.72,18.03
iowa city,90,US,1578378465,86,41.66,-91.53,32.0,4.7
champerico,5,MX,1578378504,88,16.38,-93.6,62.6,3.36
georgetown,63,GY,1578378504,94,6.8,-58.16,71.6,4.7
rikitea,21,PF,1578378504,78,-23.12,-134.97,77.16,15.32
mount gambier,40,AU,1578378412,36,-37.83,140.78,80.6,14.99
saint-philippe,90,CA,1578378505,92,45.36,-73.48,32.0,4.7
ponta do sol,0,BR,1578378505,92,-20.63,-46.0,65.73,0.89
aswan,0,EG,1578378505,45,24.09,32.9,44.6,2.24
fayetteville,1,US,1578378305,52,36.06,-94.16,42.8,9.17
kapaa,90,US,1578378506,88,22.08,-159.32,75.2,17.22
magdagachi,18,RU,1578378506,94,53.45,125.8,-3.62,3.22
aleksandrov gay,100,RU,1578378506,94,50.14,48.57,29.16,7.07
coquimbo,0,CL,1578378506,67,-29.95,-71.34,62.6,4.7
xining,10,CN,1578378506,38,36.62,101.77,28.67,5.21
isangel,75,VU,1578378506,78,-19.55,169.27,82.4,12.64
cayenne,76,GF,1578378507,94,4.94,-52.33,73.4,2.24
pevek,0,RU,1578378507,66,69.7,170.27,-8.55,6.71
sitka,0,US,1578378507,65,37.17,-99.65,25.0,8.61
clinton,1,US,1578378248,52,41.28,-72.53,42.01,8.05
nome,90,US,1578378508,88,30.04,-94.42,63.0,5.82
new norfolk,75,AU,1578378508,63,-42.78,147.06,70.0,14.99
port alfred,84,ZA,1578378508,95,-33.59,26.89,71.01,3.0
smithers,20,CA,1578378338,84,54.78,-127.17,3.2,3.36
maine-soroa,0,NE,1578378509,27,13.21,12.02,61.23,9.19
alugan,97,PH,1578378509,84,12.22,125.48,79.61,9.95
castro,90,CL,1578378509,87,-42.48,-73.76,53.6,11.41
port elizabeth,1,US,1578378509,55,39.31,-74.98,39.2,3.36
sao gabriel da cachoeira,61,BR,1578378509,79,-0.13,-67.09,76.28,2.28
matara,20,BI,1578378509,88,-3.48,29.48,69.8,2.24
albany,75,US,1578378510,59,42.65,-73.75,34.0,14.99
serebryanyy bor,100,RU,1578378510,90,56.8,124.8,5.29,2.46
barrow,0,AR,1578378510,74,-38.31,-60.23,54.63,8.12
makokou,21,GA,1578378510,84,0.56,12.85,71.51,2.37
hobart,75,AU,1578378334,63,-42.88,147.33,70.0,14.99
taloqan,100,AF,1578378511,99,36.74,69.54,29.88,5.37
ketchikan,20,US,1578378365,100,55.34,-131.65,21.2,5.82
vestmanna,100,FO,1578378511,93,62.16,-7.17,42.8,33.33
tucurui,100,BR,1578378511,96,-3.77,-49.67,73.63,3.87
chokurdakh,0,RU,1578378511,89,70.62,147.9,-22.09,3.83
port blair,20,IN,1578378512,70,11.67,92.75,84.2,12.75
dikson,100,RU,1578378512,96,73.51,80.55,5.7,4.94
kahului,1,US,1578378512,69,20.89,-156.47,75.2,11.41
boa vista,0,BR,1578378512,69,2.82,-60.67,75.2,4.7
deputatskiy,8,RU,1578378513,74,69.3,139.9,-17.16,1.48
sainte-marie,90,CA,1578378513,85,46.45,-71.03,19.0,3.36
alofi,0,NU,1578378513,94,-19.06,-169.92,78.8,3.36
provideniya,91,RU,1578378513,91,64.42,-173.23,-10.41,1.74
husavik,28,CA,1578378513,86,50.56,-96.99,15.01,11.01
hilo,90,US,1578378514,61,19.71,-155.08,78.8,6.93
aberdeen,90,US,1578378514,100,46.98,-123.82,51.8,25.28
moree,100,AU,1578378514,25,-29.46,149.84,96.8,6.93
east london,75,ZA,1578378514,94,-33.02,27.91,71.6,8.05
richards bay,80,ZA,1578378514,81,-28.77,32.06,78.03,14.07
nyurba,93,RU,1578378515,93,63.29,118.35,11.32,6.15
yellowknife,40,CA,1578378515,74,62.45,-114.38,-25.01,5.82
arraial do cabo,31,BR,1578378515,90,-22.97,-42.02,77.88,5.79
lebu,40,ET,1578378516,71,8.96,38.73,59.74,2.59
batticaloa,85,LK,1578378516,70,7.71,81.69,83.79,11.25
inverness,20,GB,1578378516,65,57.48,-4.23,48.99,9.17
skibbereen,75,IE,1578378516,100,51.55,-9.27,50.0,25.28
kavaratti,99,IN,1578378517,73,10.57,72.64,81.23,8.77
sarangani,100,PH,1578378517,77,5.4,125.46,81.41,18.63
fort nelson,75,CA,1578378517,67,58.81,-122.69,-25.6,2.24
bani walid,53,LY,1578378517,65,31.76,14.0,45.41,9.91
buchanan,20,LR,1578378517,94,5.88,-10.05,69.8,5.82
sao filipe,98,CV,1578378517,66,14.9,-24.5,68.05,18.88
lasa,75,CY,1578378518,76,34.92,32.53,57.2,16.11
ndola,100,ZM,1578378518,98,-12.97,28.64,64.6,2.28
kiunga,77,PG,1578378518,57,-6.12,141.3,91.47,3.53
cabo san lucas,5,MX,1578378354,82,22.89,-109.91,66.99,5.82
cherskiy,0,RU,1578378518,74,68.75,161.3,-17.45,6.4
port hardy,90,CA,1578378519,86,50.7,-127.42,41.0,11.41
prince george,90,CA,1578378252,92,53.92,-122.75,17.01,1.99
omboue,53,GA,1578378519,93,-1.57,9.26,75.78,2.21
jurm,100,AF,1578378519,93,36.86,70.83,19.42,3.87
lagoa,0,PT,1578378519,93,37.14,-8.45,51.01,5.82
mattru,28,SL,1578378520,88,7.62,-11.83,69.04,2.95
atuona,55,PF,1578378520,70,-9.8,-139.03,80.98,11.56
carutapera,99,BR,1578378520,79,-1.2,-46.02,80.85,12.33
kruisfontein,100,ZA,1578378520,90,-34.0,24.73,65.98,9.08
ribeira grande,100,PT,1578378520,94,38.52,-28.7,61.21,16.26
yuli,23,CN,1578378521,53,24.82,106.77,69.64,4.99
haripur,90,PK,1578378521,100,33.99,72.93,46.99,6.93
hutchinson,1,US,1578378521,68,38.06,-97.93,37.0,12.75
berlevag,100,NO,1578378522,74,70.86,29.09,30.2,3.36
bilibino,0,RU,1578378522,91,68.06,166.44,-20.85,2.71
polunochnoye,43,RU,1578378522,87,60.87,60.43,5.02,3.53
nikolskoye,90,RU,1578378522,96,59.7,30.79,35.6,6.71
saint-pierre,90,FR,1578378522,100,48.95,4.24,42.8,6.93
westport,1,US,1578378522,55,41.14,-73.36,42.01,9.17
monterrey,40,MX,1578378313,36,25.67,-100.32,62.6,3.36
lorengau,50,PG,1578378523,73,-2.02,147.27,84.87,8.63
benguela,40,AO,1578378523,83,-12.58,13.4,78.8,4.7
rairangpur,0,IN,1578378523,43,22.27,86.18,71.6,4.7
calvia,0,ES,1578378523,87,39.57,2.51,55.0,5.82
khatanga,96,RU,1578378524,92,71.98,102.47,4.84,10.83
kodiak,1,US,1578378524,80,39.95,-94.76,33.01,4.7
cananeia,0,BR,1578378524,89,-25.01,-47.93,72.86,3.24
haapiti,40,PF,1578378524,78,-17.57,-149.87,82.4,4.7
te anau,82,NZ,1578378525,81,-45.41,167.72,49.53,5.66
zlobin,0,HR,1578378525,59,45.29,14.65,33.8,3.36
nizhnyaya tavda,58,RU,1578378525,89,57.67,66.17,9.03,2.42
faanui,85,PF,1578378525,80,-16.48,-151.75,81.23,18.05
andra,9,RU,1578378526,94,62.52,65.89,2.01,4.14
dingle,71,PH,1578378526,82,11.0,122.67,80.15,10.51
saldanha,100,PT,1578378526,79,41.42,-6.55,35.28,3.2
rabo de peixe,75,PT,1578378526,93,37.8,-25.58,64.4,6.93
batesville,20,US,1578378526,77,35.77,-91.64,37.99,4.7
clyde river,40,CA,1578378527,74,70.47,-68.59,-23.8,11.41
cidreira,59,BR,1578378527,85,-30.17,-50.22,74.26,11.14
porosozero,100,RU,1578378527,96,62.72,32.71,31.77,8.23
astoria,90,US,1578378527,87,46.19,-123.83,52.0,21.92
vestmannaeyjar,100,IS,1578378528,89,63.44,-20.27,41.54,35.95
oswego,1,US,1578378528,69,37.17,-95.11,37.99,11.27
kita,75,JP,1578378528,70,35.76,139.74,48.0,5.82
dunmore town,100,BS,1578378528,61,25.5,-76.65,70.38,12.19
najran,0,SA,1578378528,63,17.54,44.22,60.8,6.93
coro,2,VE,1578378528,88,11.41,-69.67,74.5,7.02
grand gaube,40,MU,1578378529,79,-20.01,57.66,86.0,6.93
egvekinot,93,RU,1578378529,75,66.32,-179.17,-12.21,3.06
suntar,100,RU,1578378529,91,62.16,117.65,18.61,9.1
broken hill,0,AU,1578378529,24,-31.97,141.45,93.2,13.87
rocha,17,UY,1578378529,93,-34.48,-54.34,59.0,4.14
bowen,100,AU,1578378530,66,-20.01,148.25,84.2,11.41
khani,75,GE,1578378530,37,41.96,42.96,51.8,24.16
havre-saint-pierre,75,CA,1578378531,70,50.23,-63.6,-5.8,10.29
narsaq,8,GL,1578378531,34,60.91,-46.05,1.4,6.93
siderno,20,IT,1578378531,49,38.28,16.3,51.01,3.36
samarinda,98,ID,1578378531,46,-0.5,117.14,92.73,3.74
klaksvik,87,FO,1578378531,93,62.23,-6.59,42.8,33.33
palana,0,RU,1578378532,79,59.08,159.95,4.55,3.49
leningradskiy,0,RU,1578378532,79,69.38,178.42,-9.42,13.69
vao,100,EE,1578378532,97,59.1,26.19,36.97,8.72
ibiapina,88,BR,1578378532,96,-3.92,-40.89,66.88,4.36
axim,2,GH,1578378532,76,4.87,-2.24,72.07,2.39
abay,100,KZ,1578378532,77,49.63,72.87,1.4,4.47
maceio,20,BR,1578378362,88,-9.67,-35.74,75.2,2.24
kavieng,91,PG,1578378533,68,-2.57,150.8,85.73,6.76
la ciotat,20,FR,1578378533,100,43.17,5.6,48.99,3.36
steamboat springs,90,US,1578378533,72,40.48,-106.83,23.0,5.82
kieta,83,PG,1578378534,65,-6.22,155.63,86.58,4.9
dhariwal,90,IN,1578378534,87,31.95,75.32,51.8,3.36
flinders,42,AU,1578378534,65,-34.58,150.85,82.0,10.29
ararat,74,AM,1578378534,51,39.85,44.7,32.0,1.19
gravdal,20,NO,1578378535,93,59.79,5.78,45.0,5.82
george town,20,MY,1578378535,46,5.42,100.33,93.2,11.41
avarua,20,CK,1578378535,88,-21.21,-159.78,78.8,3.36
tay ninh,4,VN,1578378535,42,11.3,106.1,90.68,4.47
ocos,5,GT,1578378535,83,14.51,-92.19,75.2,4.7
port augusta,0,AU,1578378536,39,-32.49,137.76,89.01,16.11
salym,53,RU,1578378536,94,60.06,71.48,4.82,5.21
lompoc,1,US,1578378536,61,34.64,-120.46,55.99,3.36
batagay-alyta,100,RU,1578378536,83,67.8,130.41,-10.03,3.71
nizhniy kuranakh,100,RU,1578378537,92,58.84,125.49,17.98,12.37
san pedro,0,AR,1578378368,74,-33.68,-59.66,57.99,3.0
chitral,96,PK,1578378537,89,35.85,71.79,13.66,1.66
hasaki,75,JP,1578378537,70,35.73,140.83,46.4,5.82
kokopo,68,PG,1578378538,69,-4.34,152.27,85.77,5.68
nakuru,83,KE,1578378538,72,-0.28,36.07,59.32,4.88
porto novo,0,BR,1578378538,88,-23.68,-45.44,69.8,4.92
santiago,4,PH,1578378538,59,16.69,121.54,82.51,3.38
praia da vitoria,40,PT,1578378538,88,38.73,-27.07,64.4,21.05
constitucion,99,MX,1578378539,31,23.99,-104.67,52.41,4.07
mount isa,40,AU,1578378539,25,-20.73,139.49,100.4,13.87
srednekolymsk,32,RU,1578378539,100,67.46,153.71,-22.41,1.1
riberalta,91,BO,1578378539,91,-11.0,-66.08,74.8,2.8
yulara,100,AU,1578378540,31,-25.24,130.99,91.4,10.29
thompson,90,CA,1578378540,83,55.74,-97.86,-7.6,9.17
redcar,33,GB,1578378540,81,54.62,-1.06,46.4,13.87
hami,0,CN,1578378540,42,42.84,93.51,26.2,1.3
kualakapuas,40,ID,1578378540,74,-3.01,114.39,86.0,6.93
marsa matruh,20,EG,1578378541,81,31.35,27.25,46.4,18.34
khorramshahr,0,IR,1578378541,81,30.43,48.18,53.6,4.7
kawalu,100,ID,1578378541,79,-7.38,108.21,78.51,6.55
riyadh,0,SA,1578378418,76,24.63,46.72,51.8,7.81
sorland,75,NO,1578378542,87,67.67,12.69,44.6,19.46
vardo,1,US,1578378542,59,39.62,-77.74,37.99,6.93
zilupe,100,RU,1578378543,94,56.39,28.12,34.75,7.07
klyuchi,99,RU,1578378543,80,52.25,79.17,16.27,3.71
arica,0,CL,1578378543,73,-18.48,-70.32,71.6,3.36
teguise,20,ES,1578378543,77,29.06,-13.56,59.0,9.17
acajutla,0,SV,1578378543,89,13.59,-89.83,64.99,5.91
grindavik,90,IS,1578378544,97,63.84,-22.43,32.0,29.97
yerbogachen,100,RU,1578378544,92,61.28,108.01,11.1,9.91
peniche,20,PT,1578378544,100,39.36,-9.38,46.0,1.12
torbay,90,CA,1578378544,92,47.66,-52.73,25.0,3.36
north bend,90,US,1578378544,100,43.41,-124.22,52.0,8.05
aguimes,75,ES,1578378545,63,27.91,-15.45,64.4,14.99
saint-francois,90,FR,1578378545,93,46.42,3.91,41.0,1.12
ilulissat,100,GL,1578378545,57,69.22,-51.1,-7.6,18.34
tacoaleche,90,MX,1578378545,46,22.82,-102.4,50.0,4.07
mahon,75,IE,1578378546,100,51.89,-8.4,53.01,25.28
camocim,48,BR,1578378546,95,-2.9,-40.84,74.23,3.22
geraldton,40,CA,1578378546,84,49.72,-86.95,6.8,8.63
palma,65,BR,1578378546,91,-29.73,-53.58,66.33,0.94
marystown,98,CA,1578378546,89,47.17,-55.16,23.86,7.2
le port,72,FR,1578378547,47,42.87,1.37,43.0,2.82
saint george,40,GR,1578378547,68,39.45,22.34,36.0,6.93
gamba,69,CN,1578378547,30,28.28,88.52,21.11,5.91
college,20,US,1578378547,96,64.86,-147.8,-24.0,1.88
karratha,52,AU,1578378547,59,-20.74,116.85,87.73,2.04
santa cruz,74,BR,1578378548,95,-6.22,-36.02,70.9,3.06
deniliquin,0,AU,1578378548,15,-35.53,144.96,94.12,10.4
soure,47,PT,1578378548,100,40.06,-8.63,41.0,1.12
khandbari,30,NP,1578378548,55,27.38,87.21,45.55,6.02
luganville,75,VU,1578378548,79,-15.51,167.18,84.2,9.17
tres picos,0,MX,1578378549,73,16.23,-93.58,64.58,8.23
hamilton,20,CA,1578378430,73,43.26,-79.87,32.0,8.05
jackson,90,US,1578378329,92,43.48,-110.76,28.4,8.05
nanortalik,61,GL,1578378549,71,60.14,-45.24,16.77,42.12
roma,0,IT,1578378514,59,41.89,12.48,39.2,3.36
tabuk,4,PH,1578378550,67,17.41,121.44,81.93,6.76
griffith,0,AU,1578378550,28,-34.29,146.06,93.99,10.29
novopskov,100,UA,1578378550,94,49.54,39.1,28.04,12.12
mehamn,100,NO,1578378550,74,71.03,27.85,32.0,3.36
gandia,0,ES,1578378550,93,38.97,-0.18,46.99,4.7
tarakan,99,ID,1578378305,64,3.3,117.63,86.18,10.04
taltal,1,CL,1578378551,89,-25.41,-70.49,59.9,2.19
tuatapere,97,NZ,1578378551,78,-46.13,167.69,54.0,13.0
mayo,75,CA,1578378551,66,63.59,-135.9,-29.2,2.24
kununurra,40,AU,1578378551,59,-15.77,128.74,91.4,9.17
nara,75,JP,1578378551,93,34.68,135.8,46.4,3.36
soyo,75,AO,1578378552,74,-6.13,12.37,78.8,9.17
okha,50,RU,1578378552,89,53.59,142.95,8.8,8.41
mareeba,75,AU,1578378552,88,-16.99,145.42,84.99,6.93
mbanza-ngungu,99,CD,1578378552,93,-5.25,14.87,71.92,2.15
puerto carreno,0,CO,1578378552,66,6.19,-67.49,73.27,7.02
hamina,90,FI,1578378553,100,60.57,27.2,37.4,9.17
waingapu,80,ID,1578378553,76,-9.65,120.26,84.06,25.52
eyl,91,SO,1578378553,82,7.98,49.82,79.66,16.87
charters towers,82,AU,1578378553,46,-20.07,146.27,88.88,17.47
katsuura,75,JP,1578378554,76,33.93,134.5,59.0,4.7
putnok,48,HU,1578378554,70,48.29,20.43,23.31,1.12
pokrovsk,100,RU,1578378554,95,61.48,129.14,16.34,4.74
manaure,0,CO,1578378554,82,11.78,-72.45,79.12,14.38
upernavik,100,GL,1578378554,97,72.79,-56.15,-7.29,6.69
puerto escondido,0,MX,1578378555,53,15.86,-97.07,69.01,4.56
melo,38,UY,1578378555,85,-32.37,-54.17,62.24,3.36
gao,0,ML,1578378555,23,16.28,-0.04,57.04,9.24
boddam,68,GB,1578378555,75,57.47,-1.78,46.0,21.92
wum,0,CM,1578378555,35,6.39,10.08,65.14,3.49
chabahar,0,IR,1578378556,44,25.29,60.65,73.33,6.49
ekibastuz,0,KZ,1578378556,80,51.72,75.32,15.22,4.92
kalmar,75,SE,1578378556,86,56.66,16.36,41.0,8.05
biu,0,NG,1578378556,31,10.61,12.19,66.11,8.86
acari,64,BR,1578378556,80,-6.44,-36.64,72.7,8.14
ulundi,91,ZA,1578378556,77,-28.29,31.43,76.95,2.64
shellbrook,5,CA,1578378557,76,53.22,-106.39,-9.4,9.17
sabha,0,LY,1578378557,71,27.03,14.43,40.08,8.88
itoman,75,JP,1578378557,61,26.12,127.67,77.0,17.22
coihaique,20,CL,1578378557,81,-45.58,-72.07,51.8,2.24
miles city,90,US,1578378558,86,46.41,-105.84,35.01,17.22
fortuna,1,US,1578378558,100,40.6,-124.16,42.01,10.29
merauke,100,ID,1578378373,81,-8.49,140.4,84.72,6.08
gimli,28,CA,1578378558,86,50.63,-96.99,15.01,11.01
shizukuishi,75,JP,1578378558,59,39.7,140.98,35.6,3.36
sao felix do xingu,100,BR,1578378558,99,-6.64,-51.99,69.01,3.06
aranos,74,NA,1578378559,72,-24.14,19.11,71.46,10.63
pisco,64,PE,1578378559,88,-13.71,-76.2,69.8,5.82
port lincoln,0,AU,1578378559,49,-34.72,135.86,74.01,10.69
yaita,75,JP,1578378559,48,36.8,139.92,46.0,9.17
igboho,61,NG,1578378559,31,8.84,3.76,67.37,2.95
sikonge,75,TZ,1578378560,100,-5.63,32.75,66.2,3.6
zhezkazgan,90,KZ,1578378560,92,47.8,67.71,19.4,4.47
roald,20,NO,1578378560,70,62.58,6.12,46.4,21.92
hoopstad,100,ZA,1578378560,61,-27.83,25.91,72.95,7.2
kaitangata,0,NZ,1578378560,58,-46.28,169.85,55.0,8.99
coruripe,24,BR,1578378561,82,-10.12,-36.18,76.96,9.95
banjar,100,ID,1578378561,80,-7.37,108.54,81.97,6.02
lavrentiya,94,RU,1578378561,98,65.58,-170.99,-8.23,3.27
fonte boa,37,BR,1578378561,86,-2.51,-66.09,76.89,1.23
la ronge,90,CA,1578378561,70,55.1,-105.3,-4.0,11.41
zyryanka,0,RU,1578378562,87,65.73,150.89,-16.92,4.9
halifax,90,CA,1578378562,85,44.65,-63.58,24.01,5.82
rawson,31,AR,1578378562,57,-43.3,-65.11,62.35,13.67
medicine hat,90,CA,1578378562,85,50.04,-110.68,23.0,6.93
antalaha,87,MG,1578378562,79,-14.9,50.28,81.48,8.08
kjopsvik,75,NO,1578378563,93,68.1,16.37,42.01,17.22
necochea,0,AR,1578378563,91,-38.55,-58.74,50.0,5.01
sinjar,0,SY,1578378563,67,35.59,37.0,45.79,6.76
troitsko-pechorsk,98,RU,1578378564,92,62.71,56.19,6.78,7.58
shaunavon,50,CA,1578378564,97,49.65,-108.41,12.42,5.08
the valley,20,AI,1578378478,73,18.22,-63.06,77.0,5.82
kudahuvadhoo,83,MV,1578378564,75,2.67,72.89,83.12,14.38
penarroya-pueblonuevo,0,ES,1578378564,93,38.3,-5.27,41.0,5.82
puerto narino,0,CO,1578378565,100,-3.77,-70.38,73.4,1.88
meulaboh,19,ID,1578378565,70,4.14,96.13,82.11,3.78
bathsheba,20,BB,1578378565,73,13.22,-59.52,77.0,10.29
portmore,20,JM,1578378565,83,17.97,-76.87,77.0,9.17
naze,3,NG,1578378565,94,5.43,7.07,71.6,2.17
piet retief,38,ZA,1578378566,74,-27.01,30.81,71.8,3.96
bonthe,59,SL,1578378566,81,7.53,-12.5,73.56,4.21
havoysund,75,NO,1578378566,79,71.0,24.66,35.6,19.46
saint-georges,98,CA,1578378566,92,46.12,-70.67,19.0,1.01
muyezerskiy,100,RU,1578378566,96,63.93,31.65,32.59,10.0
gizo,0,IL,1578378567,58,31.8,34.94,55.99,10.29
salalah,0,OM,1578378567,65,17.01,54.1,80.6,6.93
cabedelo,20,BR,1578378567,89,-6.97,-34.84,77.0,3.58
longyearbyen,78,NO,1578378567,61,78.22,15.63,14.0,19.46
paso de carrasco,40,UY,1578378567,63,-34.86,-56.05,66.99,16.82
tutoia,95,BR,1578378567,96,-2.76,-42.27,74.48,3.76
vagay,45,RU,1578378568,92,57.94,69.02,7.34,4.07
ornskoldsvik,75,SE,1578378568,100,63.29,18.72,35.6,9.17
santiago del estero,19,AR,1578378568,63,-27.8,-64.26,68.05,3.09
haines junction,100,CA,1578378568,99,60.75,-137.51,-3.57,1.77
yinchuan,100,CN,1578378568,51,38.48,106.21,25.34,2.26
mangrol,17,IN,1578378569,36,25.33,76.51,71.96,6.67
kepno,1,PL,1578378569,8,51.28,17.99,28.99,6.24
lethem,0,GY,1578378569,57,3.38,-59.8,76.48,10.25
pitimbu,20,BR,1578378569,89,-7.47,-34.81,77.0,2.71
manzanillo,69,MX,1578378486,54,19.05,-104.32,76.95,4.94
ambunti,91,PG,1578378570,92,-4.22,142.82,83.59,2.71
ruteng,67,ID,1578378570,66,-8.61,120.46,80.35,7.11
port keats,71,AU,1578378570,55,-14.25,129.55,90.66,11.48
kenora,40,CA,1578378571,85,49.76,-94.48,21.2,14.99
orje,100,NO,1578378571,93,59.48,11.66,43.0,10.29
gat,100,SN,1578378571,17,14.69,-16.54,66.2,16.11
dicabisagan,10,PH,1578378571,69,17.08,122.42,79.56,5.37
bambous virieux,40,MU,1578378571,79,-20.34,57.76,86.0,6.93
teya,75,MX,1578378572,68,21.05,-89.07,71.01,6.93
xinzhou,100,CN,1578378572,42,38.41,112.73,26.17,4.29
laguna,90,BZ,1578378572,100,16.17,-88.94,68.0,2.04
hovd,90,NO,1578378572,80,63.83,10.7,45.0,8.05
bugac,27,HU,1578378572,92,46.69,19.68,27.0,5.44
souillac,90,FR,1578378573,100,45.6,-0.6,45.0,3.36
venado tuerto,0,AR,1578378573,76,-33.75,-61.97,57.99,6.06
namibe,45,AO,1578378573,81,-15.19,12.15,72.21,6.44
sayyan,5,YE,1578378573,44,15.17,44.32,60.31,4.21
darhan,9,MN,1578378574,83,49.49,105.92,4.55,3.06
talnakh,40,RU,1578378574,92,69.49,88.39,6.8,24.61
walvis bay,90,NA,1578378574,82,-22.95,14.51,63.0,10.29
san quintin,0,PH,1578378574,57,17.54,120.52,84.69,6.42
vila,47,IT,1578378575,100,45.18,8.4,35.01,3.36
murgab,75,TM,1578378575,80,37.5,61.97,39.2,6.93
kurilsk,79,RU,1578378575,82,45.23,147.88,26.89,14.58
oktyabrskiy,75,RU,1578378575,74,55.61,37.97,28.4,6.71
sand,90,DE,1578378575,100,49.68,11.63,34.0,10.49
copacabana,84,BO,1578378575,66,-16.17,-69.08,51.57,9.08
aykhal,90,RU,1578378576,92,65.95,111.51,12.2,4.47
lodja,100,CD,1578378576,93,-3.52,23.6,73.04,1.72
ancud,90,CL,1578378576,87,-41.87,-73.83,53.6,11.41
daye,100,CN,1578378576,86,30.1,114.98,41.74,7.74
pangnirtung,100,CA,1578378577,90,66.15,-65.72,-36.26,4.21
port moresby,40,PG,1578378577,66,-9.47,147.16,89.6,11.41
san lorenzo,93,HN,1578378577,59,13.43,-87.45,76.53,4.14
wanning,20,AT,1578378577,100,48.64,13.53,26.01,6.93
baherden,63,TM,1578378577,54,38.44,57.43,42.98,7.38
vostok,90,RU,1578378578,89,46.45,135.83,19.62,1.81
tvoroyri,100,FO,1578378578,93,61.56,-6.81,42.8,33.33
alyangula,93,AU,1578378578,79,-13.85,136.42,84.2,4.7
bay roberts,90,CA,1578378578,92,47.58,-53.28,25.0,3.36
zemes,0,RO,1578378578,100,46.58,26.42,19.99,2.24
krasnoarmeyskiy,100,RU,1578378579,81,46.12,40.39,35.01,8.05
biltine,0,TD,1578378579,24,14.53,20.93,66.38,6.73
maragogi,18,BR,1578378579,75,-9.01,-35.22,79.57,9.75
esperance,0,AU,1578378579,47,-33.86,121.89,104.0,12.75
bereda,100,ES,1578378580,93,43.27,-7.54,46.0,6.93
norman wells,5,CA,1578378580,64,65.28,-126.83,-43.6,2.44
flin flon,100,CA,1578378580,92,54.77,-101.88,-13.05,10.25
iqaluit,20,CA,1578378465,60,63.75,-68.52,-29.0,2.24
hualmay,35,PE,1578378581,89,-11.1,-77.61,66.02,3.67
chambery,75,FR,1578378581,100,45.57,5.93,39.0,1.12
xichang,50,CN,1578378581,37,27.88,102.25,43.75,7.72
seoul,90,KR,1578378512,100,37.57,126.98,46.4,3.36
saint-brieuc,90,FR,1578378582,100,48.51,-2.76,46.4,9.17
baton rouge,20,US,1578378538,82,30.45,-91.15,60.8,10.29
palmer,0,AU,1578378499,39,-34.85,139.16,89.01,14.99
sola,65,TZ,1578378582,75,-3.17,33.8,71.47,8.34
rio segundo,0,AR,1578378583,82,-31.65,-63.91,63.0,5.82
kloulklubed,75,PW,1578378583,74,7.04,134.26,84.2,10.29
anzio,0,IT,1578378583,59,41.45,12.63,39.2,3.36
nichinan,75,JP,1578378583,60,31.65,131.31,68.0,17.22
salinopolis,100,BR,1578378583,77,-0.61,-47.36,81.82,10.0
naryan-mar,89,RU,1578378584,95,67.67,53.09,11.07,9.42
brokopondo,20,SR,1578378584,94,5.06,-54.98,75.2,4.7
conceicao do araguaia,99,BR,1578378584,95,-8.26,-49.26,70.12,0.2
bethel,1,US,1578378585,75,60.79,-161.76,-16.6,9.17
tuktoyaktuk,5,CA,1578378585,73,69.44,-133.03,-29.2,9.17
karatau,100,KZ,1578378585,78,43.18,70.46,24.01,4.14
boden,90,SE,1578378585,100,65.83,21.69,33.8,10.29
hervey bay,35,AU,1578378586,42,-25.3,152.85,86.0,13.87
oudtshoorn,40,ZA,1578378586,93,-33.59,22.2,66.2,9.17
finnsnes,75,NO,1578378586,100,69.23,17.98,42.8,20.8
wajir,40,KE,1578378586,78,1.75,40.07,80.6,8.05
cockburn town,100,TC,1578378567,83,21.46,-71.14,76.64,15.88
san juan bautista,59,PY,1578378586,94,-26.67,-57.15,70.88,5.95
araouane,0,ML,1578378587,19,18.9,-3.53,53.04,9.95
nizhniy ingash,0,RU,1578378587,84,56.2,96.53,21.09,2.57
pingliang,18,CN,1578378587,41,35.54,106.68,30.13,2.84
mackay,90,CA,1578378587,85,53.65,-115.58,17.6,2.28
kendari,100,ID,1578378588,80,-3.99,122.52,84.47,3.83
lobito,40,AO,1578378588,83,-12.35,13.55,78.8,4.7
malinovoye ozero,100,RU,1578378588,81,51.68,79.77,15.87,5.5
gohpur,40,IN,1578378588,53,26.89,93.63,73.4,4.7
san lawrenz,20,MT,1578378588,51,36.06,14.2,46.99,8.05
iquitos,0,PE,1578378524,94,-3.75,-73.25,71.6,2.08
godda,31,IN,1578378589,36,24.83,87.21,69.4,6.96
haikou,75,CN,1578378589,78,20.04,110.34,77.0,13.42
umm lajj,0,SA,1578378589,46,25.02,37.27,60.01,5.66
atagay,0,RU,1578378590,79,55.1,99.39,21.07,1.97
victoria,75,BN,1578378590,74,5.28,115.24,89.01,4.7
arthur,1,US,1578378590,79,41.57,-101.69,23.0,5.55
tombouctou,0,ML,1578378590,20,16.77,-3.01,56.44,9.35
ust-nera,100,RU,1578378590,100,64.57,143.24,-28.86,2.59
teplodar,75,UA,1578378591,86,46.51,30.33,28.4,11.18
berdigestyakh,100,RU,1578378591,94,62.1,126.7,16.5,6.73
sinazongwe,100,ZM,1578378591,74,-17.26,27.46,78.6,2.89
urengoy,0,RU,1578378592,93,65.96,78.37,-1.95,10.0
casablanca,4,MA,1578378592,87,33.6,-7.62,48.2,4.7
padang,85,ID,1578378592,59,-0.92,100.36,83.32,2.55
mabaruma,67,GY,1578378592,98,8.2,-59.78,67.01,2.17
ginda,100,IN,1578378592,97,30.69,78.49,41.7,2.17
tayginka,83,RU,1578378593,93,55.63,60.5,14.38,2.26
lydenburg,88,ZA,1578378593,77,-25.1,30.46,78.01,0.76
abu zabad,100,SD,1578378593,18,12.35,29.25,65.28,16.04
saint-joseph,75,FR,1578378594,93,43.56,6.97,48.99,4.7
diapaga,12,BF,1578378594,31,12.07,1.79,65.79,6.64
takaka,91,NZ,1578378594,65,-40.86,172.81,66.0,3.0
kytmanovo,1,RU,1578378594,88,53.46,85.45,9.21,2.51
macapa,75,BR,1578378594,100,0.05,-51.07,77.0,5.82
parkes,75,AU,1578378595,22,-33.14,148.18,98.01,1.99
kushiro,40,JP,1578378595,49,43.11,144.15,32.0,8.05
tubuala,9,PA,1578378595,83,9.52,-79.03,75.99,3.36
saint-augustin,90,CA,1578378595,92,45.63,-73.98,27.0,7.76
sangar,100,RU,1578378595,93,63.92,127.47,0.55,9.15
harboore,90,DK,1578378595,93,56.62,8.18,45.0,6.93
isiro,90,CD,1578378596,46,2.77,27.62,71.98,0.36
chesma,95,RU,1578378596,93,53.81,60.65,12.81,2.48
camopi,92,GF,1578378596,95,3.17,-52.33,69.98,2.84
maxixe,40,MZ,1578378596,78,-23.86,35.35,80.6,5.99
arlit,0,NE,1578378596,27,18.74,7.39,55.83,11.27
jalu,14,LY,1578378597,76,29.03,21.55,46.17,12.77
taganak,40,PH,1578378597,79,6.08,118.3,84.2,9.17
marion,20,US,1578378597,86,35.21,-90.2,43.0,7.43
qingdao,90,CN,1578378597,95,36.09,120.35,36.0,15.66
rundu,96,NA,1578378598,94,-17.91,19.77,68.0,4.7
tual,62,ID,1578378598,76,-5.67,132.75,82.67,10.27
marzuq,7,YE,1578378598,60,14.4,46.47,65.5,2.86
carlyle,1,CA,1578378598,78,49.63,-102.27,12.2,12.75
anito,100,PH,1578378598,81,12.45,125.29,80.44,18.25
balkanabat,6,TM,1578378599,63,39.51,54.36,42.26,10.16
rio gallegos,100,AR,1578378599,71,-51.62,-69.22,55.4,5.82
nichlaul,64,IN,1578378599,55,27.32,83.73,65.26,2.17
sur,30,OM,1578378599,63,22.57,59.53,73.29,17.36
kamenka,0,MD,1578378600,90,48.03,28.7,21.0,2.93
dunedin,7,NZ,1578378600,72,-45.87,170.5,52.23,19.62
tiznit,0,MA,1578378600,29,29.7,-9.73,47.32,5.86
chikwawa,40,MW,1578378600,78,-16.03,34.79,78.8,6.93
rio grande,65,BR,1578378600,96,-32.03,-52.1,71.01,6.06
aras,23,ES,1578378601,73,42.56,-2.36,35.6,9.17
songea,75,TZ,1578378601,94,-10.68,35.65,71.6,6.93
oranjestad,20,AW,1578378601,88,12.52,-70.03,77.0,5.82
plettenberg bay,100,ZA,1578378601,84,-34.05,23.37,68.58,7.27
jatiroto,97,ID,1578378601,82,-7.61,109.46,81.82,5.7
la orilla,0,MX,1578378602,70,18.0,-102.23,71.08,4.34
mamburao,54,PH,1578378602,71,13.22,120.6,84.0,4.12
kholodnyy,0,RU,1578378602,100,62.72,147.95,-27.26,1.99
tanabe,75,JP,1578378602,76,33.73,135.39,55.4,2.24
denpasar,40,ID,1578378482,83,-8.65,115.22,84.2,13.87
onguday,67,RU,1578378603,65,50.75,86.14,15.3,3.04
tautira,40,PF,1578378603,78,-17.73,-149.15,82.4,4.7
kitimat,75,CA,1578378603,92,54.02,-128.69,23.0,17.22
killybegs,100,IE,1578378604,94,54.63,-8.45,51.01,18.01
vilyuysk,99,RU,1578378604,94,63.75,121.63,14.76,9.78
pakaur,24,IN,1578378604,34,24.64,87.92,70.7,8.25
sampit,83,ID,1578378605,49,-2.54,112.95,92.5,3.33
airai,51,TL,1578378605,49,-8.93,125.41,83.25,5.77
careiro da varzea,91,BR,1578378605,69,-3.2,-59.81,80.6,4.7
samana,50,EC,1578378605,99,0.12,-76.97,70.74,2.3
batagay,100,RU,1578378606,94,67.65,134.64,-10.84,2.59
mahanoro,100,MG,1578378606,79,-19.9,48.8,80.2,9.06
khandyga,100,RU,1578378606,97,62.65,135.58,-0.26,3.51
viedma,0,AR,1578378607,46,-40.81,-62.99,56.16,7.2
taoudenni,0,ML,1578378607,29,22.68,-3.98,45.5,4.61
komsomolskiy,100,RU,1578378607,93,67.55,63.78,7.07,17.16
clemson,40,US,1578378607,100,34.69,-82.84,45.0,1.32
marawi,100,PH,1578378608,82,8.0,124.29,81.0,5.99
san policarpo,97,PH,1578378608,84,12.18,125.51,79.61,9.95
ponta delgada,75,PT,1578378608,93,37.73,-25.67,64.4,6.93
talcahuano,42,CL,1578378608,76,-36.72,-73.12,55.4,5.82
belmonte,77,PT,1578378608,59,40.36,-7.35,42.01,3.31
lensk,100,RU,1578378609,91,60.71,114.91,17.55,13.91
lishu,94,CN,1578378609,93,43.31,124.32,11.79,9.33
daura,61,NG,1578378609,22,13.04,8.32,58.66,9.15
kargasok,96,RU,1578378609,93,59.06,80.87,13.95,7.83
